SAT,Top10,Accept,SFRatio,Expenses,GradRate
1114.3333333333333,47.0,67.83333333333333,17.0,13384.666666666666,74.0
1362.7777777777778,90.55555555555556,24.333333333333332,9.666666666666666,41176.88888888889,92.22222222222223
1271.0,81.5,35.4,12.9,23380.0,89.4
